Timestamp;Frame HEX;ID;Sts;FlightStatus;GNSS Fix;GNSS Fix Type;Lat;LatFloat;Lon;LonFloat;Altitude GNSS;Altitude Baro;Pressure;Pressure Float;Temperature;Temperature Float;Acc X;Acc X Float;Acc Y;Acc Y Float;Acc Z;Acc Z Float;Gyro X;Gyro X Float;Gyro Y;Gyro Y Float;Gyro Z;Gyro Z Float;Annex 0;Annex 0 Float;Annex 1;Annex 1 Float;CRC Received;CRC Calculated;CRC Check
[00:41:08.669] ;04 04 3f 00 8b 46 f5 19 fc 0c e3 00 c0 00 04 0f ae ff 1a 08 79 00 11 00 6d ff e5 ff 00 00 00 00 c0;3;192;0;0;0;435504779;43.5505;14879996;1.488;192;41.703;4129796;1008.25;3844;38.44;-82;-0.0400391;2074;1.0127;121;0.059082;17;1.0376;-147;-8.97217;-27;-1.64795;0;-2048;0;-2048;0;0;1
[00:41:09.170] ;27 04 3f 00 8b 46 f5 19 fc 0c e3 00 c0 00 05 0f d0 ff 1f 08 0b 00 0e 00 b3 ff eb ff 00 00 00 00 c0;3;192;0;0;0;435504779;43.5505;14879996;1.488;192;41.6317;4129831;1008.26;3845;38.45;-48;-0.0234375;2079;1.01514;11;0.00537109;14;0.854492;-77;-4.69971;-21;-1.28174;0;-2048;0;-2048;0;0;1
[00:41:09.671] ;3d 04 3f 00 8b 46 f5 19 fc 0c e3 00 c0 00 04 0f 9e ff 18 08 90 00 10 00 16 00 e9 ff 00 00 00 00 c0;3;192;0;0;0;435504779;43.5505;14879996;1.488;192;41.5868;4129853;1008.26;3844;38.44;-98;-0.0478516;2072;1.01172;144;0.0703125;16;0.976563;22;1.34277;-23;-1.40381;0;-2048;0;-2048;0;0;1
[00:41:10.174] ;0b 04 3f 00 8b 46 f5 19 fc 0c e3 00 c0 00 04 0f 63 00 25 08 f0 ff ff ff 5d ff ef ff 00 00 00 00 c0;3;192;0;0;0;435504779;43.5505;14879996;1.488;192;41.6872;4129803;1008.25;3844;38.44;99;0.0483398;2085;1.01807;-16;-0.0078125;-1;-0.0610352;-163;-9.94873;-17;-1.0376;0;-2048;0;-2048;0;0;1
[00:41:10.673] ;8c 04 3f 00 8b 46 f5 19 fc 0c e3 00 c0 00 04 0f 02 00 22 08 2f 00 15 00 87 ff ed ff 00 00 00 00 c0;3;192;0;0;0;435504779;43.5505;14879996;1.488;192;41.4256;4129932;1008.28;3844;38.44;2;0.000976563;2082;1.0166;47;0.0229492;21;1.28174;-121;-7.38525;-19;-1.15967;0;-2048;0;-2048;0;0;1
[00:41:11.174] ;42 04 3f 00 8b 46 f5 19 fc 0c e3 00 c0 00 04 0f e3 ff 23 08 3a 00 0e 00 c4 ff ef ff 00 00 00 00 c0;3;192;0;0;0;435504779;43.5505;14879996;1.488;192;41.5762;4129858;1008.27;3844;38.44;-29;-0.0141602;2083;1.01709;58;0.0283203;14;0.854492;-60;-3.66211;-17;-1.0376;0;-2048;0;-2048;0;0;1
[00:41:11.680] ;ed 03 3f 00 8b 46 f5 19 fc 0c e3 00 c0 00 04 0f c7 ff 20 08 2c 00 12 00 de ff f0 ff 00 00 00 00 c0;3;192;0;0;0;435504779;43.5505;14879996;1.488;192;41.7506;4129773;1008.25;3844;38.44;-57;-0.027832;2080;1.01563;44;0.0214844;18;1.09863;-34;-2.0752;-16;-0.976563;0;-2048;0;-2048;0;0;1
[00:41:12.176] ;fa 03 3f 00 8b 46 f5 19 fc 0c e3 00 c0 00 03 0f e7 ff 1e 08 3e 00 07 00 89 ff ef ff 00 00 00 00 c0;3;192;0;0;0;435504779;43.5505;14879996;1.488;192;41.7215;4129786;1008.25;3843;38.43;-25;-0.012207;2078;1.01465;62;0.0302734;7;0.427246;-119;-7.26318;-17;-1.0376;0;-2048;0;-2048;0;0;1
[00:41:12.675] ;69 04 3f 00 8b 46 f5 19 fc 0c e3 00 c0 00 04 0f d1 ff 21 08 09 00 16 00 c4 ff f2 ff 00 00 00 00 c0;3;192;0;0;0;435504779;43.5505;14879996;1.488;192;41.4969;4129897;1008.28;3844;38.44;-47;-0.0229492;2081;1.01611;9;0.00439453;22;1.34277;-60;-3.66211;-14;-0.854492;0;-2048;0;-2048;0;0;1
[00:41:13.175] ;cb 03 3f 00 8b 46 f5 19 fc 0c e3 00 c0 00 04 0f c8 ff 1f 08 0b 00 10 00 c7 ff f1 ff 00 00 00 00 c0;3;192;0;0;0;435504779;43.5505;14879996;1.488;192;41.8193;4129739;1008.24;3844;38.44;-56;-0.0273438;2079;1.01514;11;0.00537109;16;0.976563;-57;-3.479;-15;-0.915527;0;-2048;0;-2048;0;0;1
[00:41:13.677] ;93 03 3f 00 8b 46 f5 19 fc 0c e3 00 c0 00 04 0f cd ff 22 08 36 00 15 00 79 ff f1 ff 00 00 00 00 c1;3;193;1;0;0;435504779;43.5505;14879996;1.488;192;41.9329;4129683;1008.22;3844;38.44;-51;-0.0249023;2082;1.0166;54;0.0263672;21;1.28174;-135;-8.23975;-15;-0.915527;0;-2048;0;-2048;0;0;1
[00:41:14.176] ;f2 03 3f 00 8b 46 f5 19 fc 0c e3 00 c0 00 04 0f d1 ff 1d 08 27 00 10 00 98 ff ec ff 00 00 00 00 c1;3;193;1;0;0;435504779;43.5505;14879996;1.488;192;41.74;4129778;1008.25;3844;38.44;-47;-0.0229492;2077;1.01416;39;0.019043;16;0.976563;-104;-6.34766;-20;-1.2207;0;-2048;0;-2048;0;0;1
[00:41:14.677] ;41 04 3f 00 8b 46 f5 19 fc 0c e3 00 c0 00 04 0f e0 ff 1d 08 4f 00 0b 00 ba ff f1 ff 00 00 00 00 c1;3;193;1;0;0;435504779;43.5505;14879996;1.488;192;41.5788;4129857;1008.27;3844;38.44;-32;-0.015625;2077;1.01416;79;0.0385742;11;0.671387;-70;-4.27246;-15;-0.915527;0;-2048;0;-2048;0;0;1
[00:41:15.183] ;b8 03 3f 00 8b 46 f5 19 fc 0c e3 00 c0 00 04 0f e2 ff 1d 08 3f 00 0e 00 e0 ff eb ff 00 00 00 00 c1;3;193;1;0;0;435504779;43.5505;14879996;1.488;192;41.8563;4129720;1008.23;3844;38.44;-30;-0.0146484;2077;1.01416;63;0.0307617;14;0.854492;-32;-1.95313;-21;-1.28174;0;-2048;0;-2048;0;0;1
[00:41:15.679] ;a5 04 3f 00 8b 46 f5 19 fc 0c e3 00 c0 00 04 0f d2 ff 1e 08 21 00 0e 00 ad ff f0 ff 00 00 00 00 c1;3;193;1;0;0;435504779;43.5505;14879996;1.488;192;41.3727;4129957;1008.29;3844;38.44;-46;-0.0224609;2078;1.01465;33;0.0161133;14;0.854492;-83;-5.06592;-16;-0.976563;0;-2048;0;-2048;0;0;1
[00:41:16.180] ;c3 03 3f 00 8b 46 f5 19 fc 0c e3 00 c0 00 04 0f e7 ff 1b 08 45 00 10 00 a7 ff ed ff 00 00 00 00 c1;3;193;1;0;0;435504779;43.5505;14879996;1.488;192;41.8351;4129731;1008.24;3844;38.44;-25;-0.012207;2075;1.01318;69;0.0336914;16;0.976563;-89;-5.43213;-19;-1.15967;0;-2048;0;-2048;0;0;1
[00:41:16.681] ;07 04 3f 00 8b 46 f5 19 fc 0c e3 00 c0 00 04 0f d1 ff 1e 08 10 00 0e 00 c0 ff f0 ff 00 00 00 00 c1;3;193;1;0;0;435504779;43.5505;14879996;1.488;192;41.6977;4129799;1008.25;3844;38.44;-47;-0.0229492;2078;1.01465;16;0.0078125;14;0.854492;-64;-3.90625;-16;-0.976563;0;-2048;0;-2048;0;0;1
[00:41:17.182] ;38 04 3f 00 8b 46 f5 19 fc 0c e3 00 c0 00 04 0f da ff 1e 08 19 00 12 00 c7 ff f1 ff 00 00 00 00 c1;3;193;1;0;0;435504779;43.5505;14879996;1.488;192;41.5973;4129848;1008.26;3844;38.44;-38;-0.0185547;2078;1.01465;25;0.012207;18;1.09863;-57;-3.479;-15;-0.915527;0;-2048;0;-2048;0;0;1
[00:41:17.683] ;f7 03 3f 00 8b 46 f5 19 fc 0c e3 00 c0 00 04 0f df ff 1c 08 33 00 0e 00 ad ff ee ff 00 00 00 00 c1;3;193;1;0;0;435504779;43.5505;14879996;1.488;192;41.7294;4129783;1008.25;3844;38.44;-33;-0.0161133;2076;1.01367;51;0.0249023;14;0.854492;-83;-5.06592;-18;-1.09863;0;-2048;0;-2048;0;0;1
[00:41:18.183] ;b3 03 3f 00 8b 46 f5 19 fc 0c e3 00 c0 00 04 0f e7 ff 22 08 21 00 0c 00 b2 ff f0 ff 00 00 00 00 c1;3;193;1;0;0;435504779;43.5505;14879996;1.488;192;41.8668;4129715;1008.23;3844;38.44;-25;-0.012207;2082;1.0166;33;0.0161133;12;0.732422;-78;-4.76074;-16;-0.976563;0;-2048;0;-2048;0;0;1
[00:41:18.687] ;40 04 3f 00 8b 46 f5 19 fc 0c e3 00 c0 00 04 0f d1 ff 1c 08 43 00 11 00 c3 ff ec ff 00 00 00 00 c1;3;193;1;0;0;435504779;43.5505;14879996;1.488;192;41.5788;4129856;1008.27;3844;38.44;-47;-0.0229492;2076;1.01367;67;0.0327148;17;1.0376;-61;-3.72314;-20;-1.2207;0;-2048;0;-2048;0;0;1
[00:41:19.185] ;ee 03 3f 00 8b 46 f5 19 fc 0c e3 00 c0 00 04 0f d7 ff 20 08 21 00 13 00 92 ff f0 ff 00 00 00 00 c1;3;193;1;0;0;435504779;43.5505;14879996;1.488;192;41.7479;4129774;1008.25;3844;38.44;-41;-0.0200195;2080;1.01563;33;0.0161133;19;1.15967;-110;-6.71387;-16;-0.976563;0;-2048;0;-2048;0;0;1
[00:41:19.687] ;40 04 3f 00 8b 46 f5 19 fc 0c e3 00 c0 00 04 0f ab ff 1c 08 5d 00 0d 00 f2 ff ec ff 00 00 00 00 c1;3;193;1;0;0;435504779;43.5505;14879996;1.488;192;41.5788;4129856;1008.27;3844;38.44;-85;-0.0415039;2076;1.01367;93;0.0454102;13;0.793457;-14;-0.854492;-20;-1.2207;0;-2048;0;-2048;0;0;1
[00:41:20.191] ;b6 03 3f 00 8b 46 f5 19 fc 0c e3 00 c0 00 04 0f e5 ff 21 08 07 00 10 00 c1 ff ed ff 00 00 00 00 c1;3;193;1;0;0;435504779;43.5505;14879996;1.488;192;41.8615;4129718;1008.23;3844;38.44;-27;-0.0131836;2081;1.01611;7;0.00341797;16;0.976563;-63;-3.84521;-19;-1.15967;0;-2048;0;-2048;0;0;1
[00:41:20.688] ;03 04 3f 00 8b 46 f5 19 fc 0c e3 00 c0 00 04 0f bb ff 1c 08 2e 00 11 00 be ff ec ff 00 00 00 00 c1;3;193;1;0;0;435504779;43.5505;14879996;1.488;192;41.7057;4129795;1008.25;3844;38.44;-69;-0.0336914;2076;1.01367;46;0.0224609;17;1.0376;-66;-4.02832;-20;-1.2207;0;-2048;0;-2048;0;0;1
[00:41:21.189] ;e8 03 3f 00 8b 46 f5 19 fc 0c e3 00 c0 00 04 0f dc ff 1d 08 1d 00 11 00 c6 ff ed ff 00 00 00 00 c1;3;193;1;0;0;435504779;43.5505;14879996;1.488;192;41.7585;4129768;1008.24;3844;38.44;-36;-0.0175781;2077;1.01416;29;0.0141602;17;1.0376;-58;-3.54004;-19;-1.15967;0;-2048;0;-2048;0;0;1
[00:41:21.689] ;5d 04 3f 00 8b 46 f5 19 fc 0c e3 00 c0 00 03 0f e4 ff 1f 08 31 00 0f 00 c1 ff f0 ff 00 00 00 00 c1;3;193;1;0;0;435504779;43.5505;14879996;1.488;192;41.5207;4129885;1008.27;3843;38.43;-28;-0.0136719;2079;1.01514;49;0.0239258;15;0.915527;-63;-3.84521;-16;-0.976563;0;-2048;0;-2048;0;0;1
[00:41:22.191] ;52 04 3f 00 8b 46 f5 19 fc 0c e3 00 c0 00 03 0f d0 ff 1f 08 2c 00 10 00 b2 ff ee ff 00 00 00 00 c1;3;193;1;0;0;435504779;43.5505;14879996;1.488;192;41.5445;4129874;1008.27;3843;38.43;-48;-0.0234375;2079;1.01514;44;0.0214844;16;0.976563;-78;-4.76074;-18;-1.09863;0;-2048;0;-2048;0;0;1
[00:41:22.690] ;14 04 3f 00 8b 46 f5 19 fc 0c e3 00 c0 00 03 0f d7 ff 1f 08 2c 00 0f 00 af ff ee ff 00 00 00 00 c1;3;193;1;0;0;435504779;43.5505;14879996;1.488;192;41.6687;4129812;1008.25;3843;38.43;-41;-0.0200195;2079;1.01514;44;0.0214844;15;0.915527;-81;-4.94385;-18;-1.09863;0;-2048;0;-2048;0;0;1
[00:41:23.191] ;01 04 3f 00 8b 46 f5 19 fc 0c e3 00 c0 00 03 0f e3 ff 1a 08 2a 00 0f 00 c3 ff ec ff 00 00 00 00 c1;3;193;1;0;0;435504779;43.5505;14879996;1.488;192;41.7083;4129793;1008.25;3843;38.43;-29;-0.0141602;2074;1.0127;42;0.0205078;15;0.915527;-61;-3.72314;-20;-1.2207;0;-2048;0;-2048;0;0;1
[00:41:23.695] ;85 04 3f 00 8b 46 f5 19 fc 0c e3 00 c0 00 04 0f db ff 21 08 21 00 11 00 b4 ff ee ff 00 00 00 00 c1;3;193;1;0;0;435504779;43.5505;14879996;1.488;192;41.4388;4129925;1008.28;3844;38.44;-37;-0.0180664;2081;1.01611;33;0.0161133;17;1.0376;-76;-4.63867;-18;-1.09863;0;-2048;0;-2048;0;0;1
[00:41:24.192] ;fb 03 3f 00 8b 46 f5 19 fc 0c e3 00 c0 00 04 0f e2 ff 1f 08 44 00 0f 00 b6 ff ed ff 00 00 00 00 c1;3;193;1;0;0;435504779;43.5505;14879996;1.488;192;41.7215;4129787;1008.25;3844;38.44;-30;-0.0146484;2079;1.01514;68;0.0332031;15;0.915527;-74;-4.5166;-19;-1.15967;0;-2048;0;-2048;0;0;1
[00:41:24.692] ;61 04 3f 00 8b 46 f5 19 fc 0c e3 00 c0 00 03 0f d7 ff 20 08 28 00 13 00 b3 ff ef ff 00 00 00 00 c1;3;193;1;0;0;435504779;43.5505;14879996;1.488;192;41.5128;4129889;1008.27;3843;38.43;-41;-0.0200195;2080;1.01563;40;0.0195313;19;1.15967;-77;-4.69971;-17;-1.0376;0;-2048;0;-2048;0;0;1
[00:41:25.198] ;6b 04 3f 00 8b 46 f5 19 fc 0c e3 00 c0 00 03 0f d7 ff 1b 08 2e 00 11 00 ba ff ed ff 00 00 00 00 c1;3;193;1;0;0;435504779;43.5505;14879996;1.488;192;41.4916;4129899;1008.28;3843;38.43;-41;-0.0200195;2075;1.01318;46;0.0224609;17;1.0376;-70;-4.27246;-19;-1.15967;0;-2048;0;-2048;0;0;1
[00:41:25.695] ;c1 04 3f 00 8b 46 f5 19 fc 0c e3 00 c0 00 02 0f d3 ff 20 08 21 00 0e 00 ba ff ef ff 00 00 00 00 c1;3;193;1;0;0;435504779;43.5505;14879996;1.488;192;41.3172;4129985;1008.3;3842;38.42;-45;-0.0219727;2080;1.01563;33;0.0161133;14;0.854492;-70;-4.27246;-17;-1.0376;0;-2048;0;-2048;0;0;1
[00:41:26.195] ;c9 03 3f 00 8b 46 f5 19 fc 0c e3 00 c0 00 03 0f db ff 1e 08 31 00 0f 00 b4 ff ee ff 00 00 00 00 c1;3;193;1;0;0;435504779;43.5505;14879996;1.488;192;41.8219;4129737;1008.24;3843;38.43;-37;-0.0180664;2078;1.01465;49;0.0239258;15;0.915527;-76;-4.63867;-18;-1.09863;0;-2048;0;-2048;0;0;1
[00:41:26.696] ;12 04 3f 00 8b 46 f5 19 fc 0c e3 00 c0 00 04 0f da ff 21 08 27 00 0f 00 ad ff ef ff 00 00 00 00 c1;3;193;1;0;0;435504779;43.5505;14879996;1.488;192;41.6739;4129810;1008.25;3844;38.44;-38;-0.0185547;2081;1.01611;39;0.019043;15;0.915527;-83;-5.06592;-17;-1.0376;0;-2048;0;-2048;0;0;1
[00:41:27.199] ;51 04 3f 00 8b 46 f5 19 fc 0c e3 00 c0 00 03 0f d8 ff 1c 08 1e 00 0f 00 b3 ff ef ff 00 00 00 00 c1;3;193;1;0;0;435504779;43.5505;14879996;1.488;192;41.5445;4129873;1008.27;3843;38.43;-40;-0.0195313;2076;1.01367;30;0.0146484;15;0.915527;-77;-4.69971;-17;-1.0376;0;-2048;0;-2048;0;0;1
[00:41:27.698] ;37 04 3f 00 8b 46 f5 19 fc 0c e3 00 c0 00 03 0f dd ff 1a 08 33 00 11 00 b2 ff ed ff 00 00 00 00 c1;3;193;1;0;0;435504779;43.5505;14879996;1.488;192;41.5973;4129847;1008.26;3843;38.43;-35;-0.0170898;2074;1.0127;51;0.0249023;17;1.0376;-78;-4.76074;-19;-1.15967;0;-2048;0;-2048;0;0;1
[00:41:28.198] ;c2 03 3f 00 8b 46 f5 19 fc 0c e3 00 c0 00 03 0f d6 ff 1f 08 31 00 10 00 b2 ff ee ff 00 00 00 00 c1;3;193;1;0;0;435504779;43.5505;14879996;1.488;192;41.8378;4129730;1008.23;3843;38.43;-42;-0.0205078;2079;1.01514;49;0.0239258;16;0.976563;-78;-4.76074;-18;-1.09863;0;-2048;0;-2048;0;0;1
[00:41:28.702] ;4e 04 3f 00 8b 46 f5 19 fc 0c e3 00 c0 00 03 0f d7 ff 1f 08 35 00 11 00 b1 ff ed ff 00 00 00 00 c1;3;193;1;0;0;435504779;43.5505;14879996;1.488;192;41.5524;4129870;1008.27;3843;38.43;-41;-0.0200195;2079;1.01514;53;0.0258789;17;1.0376;-79;-4.82178;-19;-1.15967;0;-2048;0;-2048;0;0;1
[00:41:29.199] ;8d 03 3f 00 8b 46 f5 19 fc 0c e3 00 c0 00 03 0f d7 ff 1d 08 36 00 0e 00 bc ff ed ff 00 00 00 00 c1;3;193;1;0;0;435504779;43.5505;14879996;1.488;192;41.9461;4129677;1008.22;3843;38.43;-41;-0.0200195;2077;1.01416;54;0.0263672;14;0.854492;-68;-4.15039;-19;-1.15967;0;-2048;0;-2048;0;0;1
[00:41:29.700] ;16 04 3f 00 8b 46 f5 19 fc 0c e3 00 c0 00 03 0f d7 ff 1b 08 38 00 11 00 b6 ff ef ff 00 00 00 00 c1;3;193;1;0;0;435504779;43.5505;14879996;1.488;192;41.666;4129814;1008.26;3843;38.43;-41;-0.0200195;2075;1.01318;56;0.0273438;17;1.0376;-74;-4.5166;-17;-1.0376;0;-2048;0;-2048;0;0;1
[00:41:30.206] ;06 04 3f 00 8b 46 f5 19 fc 0c e3 00 c0 00 03 0f dc ff 1b 08 45 00 0f 00 ac ff ee ff 00 00 00 00 c1;3;193;1;0;0;435504779;43.5505;14879996;1.488;192;41.6977;4129798;1008.25;3843;38.43;-36;-0.0175781;2075;1.01318;69;0.0336914;15;0.915527;-84;-5.12695;-18;-1.09863;0;-2048;0;-2048;0;0;1
[00:41:30.702] ;9a 04 3f 00 8b 46 f5 19 fc 0c e3 00 c0 00 04 0f cb ff 1e 08 43 00 10 00 cf ff ed ff 00 00 00 00 c1;3;193;1;0;0;435504779;43.5505;14879996;1.488;192;41.3965;4129946;1008.29;3844;38.44;-53;-0.0258789;2078;1.01465;67;0.0327148;16;0.976563;-49;-2.99072;-19;-1.15967;0;-2048;0;-2048;0;0;1
[00:41:31.203] ;66 04 3f 00 8b 46 f5 19 fc 0c e3 00 c0 00 03 0f e9 ff 1e 08 2d 00 0c 00 c5 ff ee ff 00 00 00 00 c1;3;193;1;0;0;435504779;43.5505;14879996;1.488;192;41.5022;4129894;1008.27;3843;38.43;-23;-0.0112305;2078;1.01465;45;0.0219727;12;0.732422;-59;-3.60107;-18;-1.09863;0;-2048;0;-2048;0;0;1
[00:41:31.704] ;be 04 3f 00 8b 46 f5 19 fc 0c e3 00 c0 00 04 0f 01 00 1a 08 38 00 18 00 af ff ed ff 00 00 00 00 c1;3;193;1;0;0;435504779;43.5505;14879996;1.488;192;41.3225;4129982;1008.3;3844;38.44;1;0.000488281;2074;1.0127;56;0.0273438;24;1.46484;-81;-4.94385;-19;-1.15967;0;-2048;0;-2048;0;0;1
[00:41:32.206] ;53 04 3f 00 8b 46 f5 19 fc 0c e3 00 c0 00 02 0f cb ff 1a 08 40 00 0e 00 ce ff f2 ff 00 00 00 00 c1;3;193;1;0;0;435504779;43.5505;14879996;1.488;192;41.5418;4129875;1008.27;3842;38.42;-53;-0.0258789;2074;1.0127;64;0.03125;14;0.854492;-50;-3.05176;-14;-0.854492;0;-2048;0;-2048;0;0;1
[00:41:32.705] ;75 04 3f 00 8b 46 f5 19 fc 0c e3 00 c0 00 02 0f c4 ff 1d 08 47 00 10 00 b2 ff ee ff 00 00 00 00 c1;3;193;1;0;0;435504779;43.5505;14879996;1.488;192;41.4731;4129909;1008.28;3842;38.42;-60;-0.0292969;2077;1.01416;71;0.034668;16;0.976563;-78;-4.76074;-18;-1.09863;0;-2048;0;-2048;0;0;1
[00:41:33.206] ;25 04 3f 00 8b 46 f5 19 fc 0c e3 00 c0 00 02 0f cb ff 1f 08 10 00 0d 00 b9 ff ef ff 00 00 00 00 c1;3;193;1;0;0;435504779;43.5505;14879996;1.488;192;41.6343;4129829;1008.26;3842;38.42;-53;-0.0258789;2079;1.01514;16;0.0078125;13;0.793457;-71;-4.3335;-17;-1.0376;0;-2048;0;-2048;0;0;1
[00:41:33.712] ;92 04 3f 00 8b 46 f5 19 fc 0c e3 00 c0 00 02 0f dd ff 1f 08 21 00 12 00 9e ff ec ff 00 00 00 00 c1;3;193;1;0;0;435504779;43.5505;14879996;1.488;192;41.4124;4129938;1008.29;3842;38.42;-35;-0.0170898;2079;1.01514;33;0.0161133;18;1.09863;-98;-5.98145;-20;-1.2207;0;-2048;0;-2048;0;0;1
[00:41:34.207] ;d6 03 3f 00 8b 46 f5 19 fc 0c e3 00 c0 00 02 0f cc ff 19 08 48 00 0d 00 bd ff ed ff 00 00 00 00 c1;3;193;1;0;0;435504779;43.5505;14879996;1.488;192;41.7955;4129750;1008.24;3842;38.42;-52;-0.0253906;2073;1.01221;72;0.0351563;13;0.793457;-67;-4.08936;-19;-1.15967;0;-2048;0;-2048;0;0;1
[00:41:34.708] ;55 04 3f 00 8b 46 f5 19 fc 0c e3 00 c0 00 02 0f d3 ff 1e 08 0d 00 12 00 bb ff f1 ff 00 00 00 00 c1;3;193;1;0;0;435504779;43.5505;14879996;1.488;192;41.5365;4129877;1008.27;3842;38.42;-45;-0.0219727;2078;1.01465;13;0.00634766;18;1.09863;-69;-4.21143;-15;-0.915527;0;-2048;0;-2048;0;0;1
[00:41:35.208] ;e1 03 3f 00 8b 46 f5 19 fc 0c e3 00 c0 00 01 0f d1 ff 1f 08 36 00 10 00 c3 ff f0 ff 00 00 00 00 c1;3;193;1;0;0;435504779;43.5505;14879996;1.488;192;41.7743;4129761;1008.24;3841;38.41;-47;-0.0229492;2079;1.01514;54;0.0263672;16;0.976563;-61;-3.72314;-16;-0.976563;0;-2048;0;-2048;0;0;1
[00:41:35.710] ;ce 03 3f 00 8b 46 f5 19 fc 0c e3 00 c0 00 01 0f e2 ff 20 08 32 00 10 00 ab ff ee ff 00 00 00 00 c1;3;193;1;0;0;435504779;43.5505;14879996;1.488;192;41.8113;4129742;1008.24;3841;38.41;-30;-0.0146484;2080;1.01563;50;0.0244141;16;0.976563;-85;-5.18799;-18;-1.09863;0;-2048;0;-2048;0;0;1
[00:41:36.210] ;3a 04 3f 00 f1 7b f5 19 53 ed e2 00 aa 00 01 0f f0 ff 1d 08 1f 00 11 00 c3 ff ee ff 00 00 00 00 d9;3;217;1;0;3;435518449;43.5518;14871891;1.48719;170;41.592;4129850;1008.26;3841;38.41;-16;-0.0078125;2077;1.01416;31;0.0151367;17;1.0376;-61;-3.72314;-18;-1.09863;0;-2048;0;-2048;0;0;1
[00:41:36.712] ;9e 04 3f 00 93 7a f5 19 ff ed e2 00 ac 00 01 0f 02 00 20 08 38 00 0d 00 c8 ff f0 ff 00 00 00 00 d9;3;217;1;0;3;435518099;43.5518;14872063;1.48721;172;41.3886;4129950;1008.29;3841;38.41;2;0.000976563;2080;1.01563;56;0.0273438;13;0.793457;-56;-3.41797;-16;-0.976563;0;-2048;0;-2048;0;0;1
[00:41:37.214] ;30 04 3f 00 fc 77 f5 19 d4 ef e2 00 b1 00 00 0f d0 ff 1d 08 03 00 12 00 d9 ff f5 ff 00 00 00 00 d9;3;217;1;0;3;435517436;43.5517;14872532;1.48725;177;41.6132;4129840;1008.26;3840;38.4;-48;-0.0234375;2077;1.01416;3;0.00146484;18;1.09863;-39;-2.38037;-11;-0.671387;0;-2048;0;-2048;0;0;1
[00:41:37.713] ;7d 04 3f 00 e2 76 f5 19 86 f0 e2 00 b2 00 02 0f c2 ff 1b 08 68 00 10 00 cb ff ea ff 00 00 00 00 d9;3;217;1;0;3;435517154;43.5517;14872710;1.48727;178;41.4546;4129917;1008.28;3842;38.42;-62;-0.0302734;2075;1.01318;104;0.0507813;16;0.976563;-53;-3.23486;-22;-1.34277;0;-2048;0;-2048;0;0;1
[00:41:38.214] ;63 04 3f 00 91 76 f5 19 90 f0 e2 00 b1 00 02 0f e7 ff 1a 08 20 00 0b 00 b3 ff ea ff 00 00 00 00 d9;3;217;1;0;3;435517073;43.5517;14872720;1.48727;177;41.5075;4129891;1008.27;3842;38.42;-25;-0.012207;2074;1.0127;32;0.015625;11;0.671387;-77;-4.69971;-22;-1.34277;0;-2048;0;-2048;0;0;1
[00:41:38.719] ;d7 03 3f 00 ea 75 f5 19 17 f0 e2 00 aa 00 03 0f d8 ff 26 08 2e 00 13 00 b7 ff f0 ff 00 00 00 00 d9;3;217;1;0;3;435516906;43.5517;14872599;1.48726;170;41.7955;4129751;1008.24;3843;38.43;-40;-0.0195313;2086;1.01855;46;0.0224609;19;1.15967;-73;-4.45557;-16;-0.976563;0;-2048;0;-2048;0;0;1
[00:41:39.216] ;4c 04 3f 00 a9 75 f5 19 0b ef e2 00 a0 00 03 0f e6 ff 1e 08 24 00 10 00 c5 ff ef ff 00 00 00 00 d9;3;217;1;0;3;435516841;43.5517;14872331;1.48723;160;41.555;4129868;1008.27;3843;38.43;-26;-0.0126953;2078;1.01465;36;0.0175781;16;0.976563;-59;-3.60107;-17;-1.0376;0;-2048;0;-2048;0;0;1
[00:41:39.717] ;6c 04 3f 00 ac 75 f5 19 72 ee e2 00 9c 00 03 0f e7 ff 1d 08 3f 00 0f 00 c5 ff ee ff 00 00 00 00 d9;3;217;1;0;3;435516844;43.5517;14872178;1.48722;156;41.4916;4129900;1008.28;3843;38.43;-25;-0.012207;2077;1.01416;63;0.0307617;15;0.915527;-59;-3.60107;-18;-1.09863;0;-2048;0;-2048;0;0;1
[00:41:40.221] ;e8 04 3f 00 96 75 f5 19 e6 ed e2 00 96 00 03 0f 0a 00 20 08 28 00 0d 00 b3 ff f1 ff 00 00 00 00 d9;3;217;1;0;3;435516822;43.5517;14872038;1.4872;150;41.238;4130024;1008.31;3843;38.43;10;0.00488281;2080;1.01563;40;0.0195313;13;0.793457;-77;-4.69971;-15;-0.915527;0;-2048;0;-2048;0;0;1
[00:41:40.719] ;6d 04 3f 00 8f 75 f5 19 c2 ed e2 00 94 00 03 0f 00 00 20 08 23 00 15 00 ab ff ee ff 00 00 00 00 d9;3;217;1;0;3;435516815;43.5517;14872002;1.4872;148;41.489;4129901;1008.28;3843;38.43;0;0;2080;1.01563;35;0.0170898;21;1.28174;-85;-5.18799;-18;-1.09863;0;-2048;0;-2048;0;0;1
[00:41:41.218] ;46 04 3f 00 90 75 f5 19 c6 ed e2 00 94 00 04 0f dd ff 1c 08 60 00 0e 00 a4 ff ef ff 00 00 00 00 d9;3;217;1;0;3;435516816;43.5517;14872006;1.4872;148;41.5683;4129862;1008.27;3844;38.44;-35;-0.0170898;2076;1.01367;96;0.046875;14;0.854492;-92;-5.61523;-17;-1.0376;0;-2048;0;-2048;0;0;1
[00:41:41.719] ;78 04 3f 00 9e 75 f5 19 09 ed e2 00 8f 00 03 0f df ff 1e 08 1a 00 10 00 d6 ff ef ff 00 00 00 00 d9;3;217;1;0;3;435516830;43.5517;14871817;1.48718;143;41.4652;4129912;1008.28;3843;38.43;-33;-0.0161133;2078;1.01465;26;0.0126953;16;0.976563;-42;-2.56348;-17;-1.0376;0;-2048;0;-2048;0;0;1
[00:41:42.223] ;e0 04 3f 00 b8 75 f5 19 ca eb e2 00 86 00 03 0f d5 ff 20 08 44 00 11 00 c5 ff ec ff 00 00 00 00 d9;3;217;1;0;3;435516856;43.5517;14871498;1.48715;134;41.2538;4130016;1008.3;3843;38.43;-43;-0.0209961;2080;1.01563;68;0.0332031;17;1.0376;-59;-3.60107;-20;-1.2207;0;-2048;0;-2048;0;0;1
[00:41:42.721] ;62 04 3f 00 08 75 f5 19 95 ea e2 00 7b 00 03 0f e8 ff 1d 08 28 00 10 00 ae ff ef ff 00 00 00 00 d9;3;217;1;0;3;435516680;43.5517;14871189;1.48712;123;41.5101;4129890;1008.27;3843;38.43;-24;-0.0117188;2077;1.01416;40;0.0195313;16;0.976563;-82;-5.00488;-17;-1.0376;0;-2048;0;-2048;0;0;1
[00:41:43.222] ;e8 03 3f 00 c4 74 f5 19 26 e9 e2 00 73 00 03 0f c6 ff 19 08 30 00 0c 00 c7 ff ed ff 00 00 00 00 d9;3;217;1;0;3;435516612;43.5517;14870822;1.48708;115;41.7585;4129768;1008.24;3843;38.43;-58;-0.0283203;2073;1.01221;48;0.0234375;12;0.732422;-57;-3.479;-19;-1.15967;0;-2048;0;-2048;0;0;1
[00:41:43.726] ;9f 03 3f 00 5b 75 f5 19 ef e7 e2 00 6e 00 02 0f ea ff 1e 08 33 00 12 00 cd ff ee ff 00 00 00 00 d9;3;217;1;0;3;435516763;43.5517;14870511;1.48705;110;41.9091;4129695;1008.23;3842;38.42;-22;-0.0107422;2078;1.01465;51;0.0249023;18;1.09863;-51;-3.11279;-18;-1.09863;0;-2048;0;-2048;0;0;1
[00:41:44.225] ;05 04 3f 00 f0 75 f5 19 45 e6 e2 00 68 00 02 0f d9 ff 1e 08 3c 00 0d 00 a9 ff ef ff 00 00 00 00 c1;3;193;1;0;0;435516912;43.5517;14870085;1.48701;104;41.7004;4129797;1008.25;3842;38.42;-39;-0.019043;2078;1.01465;60;0.0292969;13;0.793457;-87;-5.31006;-17;-1.0376;0;-2048;0;-2048;0;0;1
[00:41:44.724] ;95 04 3f 00 97 76 f5 19 0a e5 e2 00 66 00 02 0f d0 ff 20 08 28 00 10 00 aa ff eb ff 00 00 00 00 c1;3;193;1;0;0;435517079;43.5517;14869770;1.48698;102;41.4071;4129941;1008.29;3842;38.42;-48;-0.0234375;2080;1.01563;40;0.0195313;16;0.976563;-86;-5.24902;-21;-1.28174;0;-2048;0;-2048;0;0;1
[00:41:45.224] ;70 04 3f 00 ea 76 f5 19 6d e4 e2 00 65 00 02 0f cf ff 1d 08 3a 00 0f 00 b8 ff ed ff 00 00 00 00 c1;3;193;1;0;0;435517162;43.5517;14869613;1.48696;101;41.4811;4129904;1008.28;3842;38.42;-49;-0.0239258;2077;1.01416;58;0.0283203;15;0.915527;-72;-4.39453;-19;-1.15967;0;-2048;0;-2048;0;0;1
[00:41:45.728] ;94 04 3f 00 90 77 f5 19 33 e3 e2 00 63 00 02 0f e3 ff 1b 08 37 00 0f 00 b9 ff f0 ff 00 00 00 00 c1;3;193;1;0;0;435517328;43.5517;14869299;1.48693;99;41.4097;4129940;1008.29;3842;38.42;-29;-0.0141602;2075;1.01318;55;0.0268555;15;0.915527;-71;-4.3335;-16;-0.976563;0;-2048;0;-2048;0;0;1
[00:41:46.227] ;ab 03 3f 00 36 78 f5 19 f8 e1 e2 00 60 00 02 0f d5 ff 1f 08 32 00 0f 00 b8 ff ee ff 00 00 00 00 c1;3;193;1;0;0;435517494;43.5518;14868984;1.4869;96;41.8853;4129707;1008.23;3842;38.42;-43;-0.0209961;2079;1.01514;50;0.0244141;15;0.915527;-72;-4.39453;-18;-1.09863;0;-2048;0;-2048;0;0;1
[00:41:46.728] ;ac 04 3f 00 8a 78 f5 19 5b e1 e2 00 5f 00 02 0f de ff 1e 08 2a 00 0f 00 b5 ff ee ff 00 00 00 00 c1;3;193;1;0;0;435517578;43.5518;14868827;1.48688;95;41.3595;4129964;1008.29;3842;38.42;-34;-0.0166016;2078;1.01465;42;0.0205078;15;0.915527;-75;-4.57764;-18;-1.09863;0;-2048;0;-2048;0;0;1
[00:41:47.231] ;c0 04 3f 00 30 79 f5 19 21 e0 e2 00 5d 00 03 0f d1 ff 1b 08 25 00 0f 00 ba ff ed ff 00 00 00 00 c1;3;193;1;0;0;435517744;43.5518;14868513;1.48685;93;41.3199;4129984;1008.3;3843;38.43;-47;-0.0229492;2075;1.01318;37;0.0180664;15;0.915527;-70;-4.27246;-19;-1.15967;0;-2048;0;-2048;0;0;1
[00:41:47.728] ;be 03 3f 00 d6 79 f5 19 e6 de e2 00 5b 00 03 0f dd ff 1d 08 28 00 0f 00 b9 ff ee ff 00 00 00 00 c1;3;193;1;0;0;435517910;43.5518;14868198;1.48682;91;41.8457;4129726;1008.23;3843;38.43;-35;-0.0170898;2077;1.01416;40;0.0195313;15;0.915527;-71;-4.3335;-18;-1.09863;0;-2048;0;-2048;0;0;1
[00:41:48.229] ;9e 04 3f 00 29 7a f5 19 49 de e2 00 5a 00 03 0f d1 ff 1a 08 3c 00 11 00 bb ff ee ff 00 00 00 00 c1;3;193;1;0;0;435517993;43.5518;14868041;1.4868;90;41.3886;4129950;1008.29;3843;38.43;-47;-0.0229492;2074;1.0127;60;0.0292969;17;1.0376;-69;-4.21143;-18;-1.09863;0;-2048;0;-2048;0;0;1
[00:41:48.735] ;48 04 3f 00 d0 7a f5 19 0f dd e2 00 58 00 04 0f d2 ff 23 08 26 00 0f 00 b7 ff ee ff 00 00 00 00 c1;3;193;1;0;0;435518160;43.5518;14867727;1.48677;88;41.563;4129864;1008.27;3844;38.44;-46;-0.0224609;2083;1.01709;38;0.0185547;15;0.915527;-73;-4.45557;-18;-1.09863;0;-2048;0;-2048;0;0;1
[00:41:49.230] ;43 04 3f 00 76 7b f5 19 d4 db e2 00 55 00 03 0f d1 ff 1b 08 30 00 0f 00 b6 ff ee ff 00 00 00 00 c1;3;193;1;0;0;435518326;43.5518;14867412;1.48674;85;41.5735;4129859;1008.27;3843;38.43;-47;-0.0229492;2075;1.01318;48;0.0234375;15;0.915527;-74;-4.5166;-18;-1.09863;0;-2048;0;-2048;0;0;1
[00:41:49.731] ;dc 03 3f 00 c9 7b f5 19 37 db e2 00 54 00 03 0f d4 ff 1f 08 30 00 10 00 b7 ff ed ff 00 00 00 00 c1;3;193;1;0;0;435518409;43.5518;14867255;1.48673;84;41.7849;4129756;1008.24;3843;38.43;-44;-0.0214844;2079;1.01514;48;0.0234375;16;0.976563;-73;-4.45557;-19;-1.15967;0;-2048;0;-2048;0;0;1
[00:41:50.232] ;40 04 3f 00 70 7c f5 19 fd d9 e2 00 52 00 03 0f dd ff 21 08 2a 00 0e 00 b4 ff ec ff 00 00 00 00 c1;3;193;1;0;0;435518576;43.5519;14866941;1.48669;82;41.5788;4129856;1008.27;3843;38.43;-35;-0.0170898;2081;1.01611;42;0.0205078;14;0.854492;-76;-4.63867;-20;-1.2207;0;-2048;0;-2048;0;0;1
[00:41:50.736] ;5e 04 3f 00 16 7d f5 19 c3 d8 e2 00 50 00 03 0f d2 ff 1b 08 28 00 0e 00 b8 ff ee ff 00 00 00 00 c1;3;193;1;0;0;435518742;43.5519;14866627;1.48666;80;41.5181;4129886;1008.27;3843;38.43;-46;-0.0224609;2075;1.01318;40;0.0195313;14;0.854492;-72;-4.39453;-18;-1.09863;0;-2048;0;-2048;0;0;1
[00:41:51.233] ;c0 04 3f 00 69 7d f5 19 25 d8 e2 00 4f 00 02 0f cd ff 21 08 30 00 0e 00 b9 ff ed ff 00 00 00 00 c1;3;193;1;0;0;435518825;43.5519;14866469;1.48665;79;41.3199;4129984;1008.3;3842;38.42;-51;-0.0249023;2081;1.01611;48;0.0234375;14;0.854492;-71;-4.3335;-19;-1.15967;0;-2048;0;-2048;0;0;1
[00:41:51.734] ;16 04 3f 00 10 7e f5 19 eb d6 e2 00 4d 00 03 0f da ff 1d 08 43 00 0e 00 c0 ff eb ff 00 00 00 00 c1;3;193;1;0;0;435518992;43.5519;14866155;1.48662;77;41.666;4129814;1008.26;3843;38.43;-38;-0.0185547;2077;1.01416;67;0.0327148;14;0.854492;-64;-3.90625;-21;-1.28174;0;-2048;0;-2048;0;0;1
[00:41:52.240] ;0a 04 3f 00 b6 7e f5 19 b1 d5 e2 00 4a 00 02 0f dc ff 20 08 33 00 10 00 b8 ff ef ff 00 00 00 00 c1;3;193;1;0;0;435519158;43.5519;14865841;1.48658;74;41.6898;4129802;1008.25;3842;38.42;-36;-0.0175781;2080;1.01563;51;0.0249023;16;0.976563;-72;-4.39453;-17;-1.0376;0;-2048;0;-2048;0;0;1
[00:41:52.735] ;a0 04 3f 00 09 7f f5 19 13 d5 e2 00 49 00 03 0f da ff 1f 08 2b 00 10 00 af ff ef ff 00 00 00 00 c1;3;193;1;0;0;435519241;43.5519;14865683;1.48657;73;41.3833;4129952;1008.29;3843;38.43;-38;-0.0185547;2079;1.01514;43;0.0209961;16;0.976563;-81;-4.94385;-17;-1.0376;0;-2048;0;-2048;0;0;1
[00:41:53.236] ;eb 03 3f 00 af 7f f5 19 d9 d3 e2 00 47 00 02 0f dc ff 1f 08 17 00 0f 00 b8 ff f0 ff 00 00 00 00 c1;3;193;1;0;0;435519407;43.5519;14865369;1.48654;71;41.7532;4129771;1008.24;3842;38.42;-36;-0.0175781;2079;1.01514;23;0.0112305;15;0.915527;-72;-4.39453;-16;-0.976563;0;-2048;0;-2048;0;0;1
[00:41:53.737] ;cc 03 3f 00 56 80 f5 19 9f d2 e2 00 45 00 02 0f de ff 1d 08 32 00 10 00 b5 ff ed ff 00 00 00 00 c1;3;193;1;0;0;435519574;43.552;14865055;1.48651;69;41.8166;4129740;1008.24;3842;38.42;-34;-0.0166016;2077;1.01416;50;0.0244141;16;0.976563;-75;-4.57764;-19;-1.15967;0;-2048;0;-2048;0;0;1
[00:41:54.239] ;f6 03 3f 00 a9 80 f5 19 01 d2 e2 00 44 00 03 0f db ff 20 08 2d 00 10 00 bb ff ef ff 00 00 00 00 c1;3;193;1;0;0;435519657;43.552;14864897;1.48649;68;41.7321;4129782;1008.25;3843;38.43;-37;-0.0180664;2080;1.01563;45;0.0219727;16;0.976563;-69;-4.21143;-17;-1.0376;0;-2048;0;-2048;0;0;1
[00:41:54.738] ;88 04 3f 00 4f 81 f5 19 c7 d0 e2 00 42 00 03 0f f3 ff 22 08 32 00 08 00 da ff f4 ff 00 00 00 00 c1;3;193;1;0;0;435519823;43.552;14864583;1.48646;66;41.4335;4129928;1008.28;3843;38.43;-13;-0.00634766;2082;1.0166;50;0.0244141;8;0.488281;-38;-2.31934;-12;-0.732422;0;-2048;0;-2048;0;0;1
[00:41:55.238] ;53 04 3f 00 f6 81 f5 19 8d cf e2 00 3f 00 04 0f cd ff 1c 08 37 00 10 00 bd ff ea ff 00 00 00 00 c1;3;193;1;0;0;435519990;43.552;14864269;1.48643;63;41.5418;4129875;1008.27;3844;38.44;-51;-0.0249023;2076;1.01367;55;0.0268555;16;0.976563;-67;-4.08936;-22;-1.34277;0;-2048;0;-2048;0;0;1
[00:41:55.742] ;4e 04 3f 00 49 82 f5 19 ef ce e2 00 3e 00 04 0f d3 ff 1f 08 3a 00 0d 00 a6 ff f0 ff 00 00 00 00 c1;3;193;1;0;0;435520073;43.552;14864111;1.48641;62;41.5524;4129870;1008.27;3844;38.44;-45;-0.0219727;2079;1.01514;58;0.0283203;13;0.793457;-90;-5.49316;-16;-0.976563;0;-2048;0;-2048;0;0;1
[00:41:56.240] ;04 04 3f 00 ef 82 f5 19 b5 cd e2 00 3c 00 03 0f e3 ff 1b 08 3b 00 10 00 b3 ff ef ff 00 00 00 00 c1;3;193;1;0;0;435520239;43.552;14863797;1.48638;60;41.703;4129796;1008.25;3843;38.43;-29;-0.0141602;2075;1.01318;59;0.0288086;16;0.976563;-77;-4.69971;-17;-1.0376;0;-2048;0;-2048;0;0;1
[00:41:56.741] ;b5 03 3f 00 95 83 f5 19 7b cc e2 00 3a 00 04 0f e1 ff 22 08 23 00 10 00 b7 ff f2 ff 00 00 00 00 c1;3;193;1;0;0;435520405;43.552;14863483;1.48635;58;41.8642;4129717;1008.23;3844;38.44;-31;-0.0151367;2082;1.0166;35;0.0170898;16;0.976563;-73;-4.45557;-14;-0.854492;0;-2048;0;-2048;0;0;1
[00:41:57.248] ;6a 04 3f 00 e9 83 f5 19 de cb e2 00 39 00 04 0f be ff 1e 08 24 00 0c 00 cd ff f1 ff 00 00 00 00 c1;3;193;1;0;0;435520489;43.552;14863326;1.48633;57;41.4943;4129898;1008.28;3844;38.44;-66;-0.0322266;2078;1.01465;36;0.0175781;12;0.732422;-51;-3.11279;-15;-0.915527;0;-2048;0;-2048;0;0;1
[00:41:57.743] ;03 04 3f 00 8f 84 f5 19 a3 ca e2 00 37 00 04 0f e6 ff 24 08 2c 00 0f 00 cb ff f0 ff 00 00 00 00 c1;3;193;1;0;0;435520655;43.5521;14863011;1.4863;55;41.7057;4129795;1008.25;3844;38.44;-26;-0.0126953;2084;1.01758;44;0.0214844;15;0.915527;-53;-3.23486;-16;-0.976563;0;-2048;0;-2048;0;0;1
[00:41:58.243] ;44 04 3f 00 35 85 f5 19 69 c9 e2 00 34 00 05 0f fa ff 1f 08 37 00 0d 00 cc ff ee ff 00 00 00 00 c1;3;193;1;0;0;435520821;43.5521;14862697;1.48627;52;41.5709;4129860;1008.27;3845;38.45;-6;-0.00292969;2079;1.01514;55;0.0268555;13;0.793457;-52;-3.17383;-18;-1.09863;0;-2048;0;-2048;0;0;1
[00:41:58.744] ;20 04 3f 00 88 85 f5 19 cc c8 e2 00 33 00 05 0f ca ff 20 08 16 00 11 00 a2 ff ee ff 00 00 00 00 c1;3;193;1;0;0;435520904;43.5521;14862540;1.48625;51;41.6449;4129824;1008.26;3845;38.45;-54;-0.0263672;2080;1.01563;22;0.0107422;17;1.0376;-94;-5.7373;-18;-1.09863;0;-2048;0;-2048;0;0;1
[00:41:59.247] ;79 04 3f 00 2f 86 f5 19 91 c7 e2 00 31 00 05 0f e4 ff 21 08 2c 00 10 00 aa ff ef ff 00 00 00 00 c1;3;193;1;0;0;435521071;43.5521;14862225;1.48622;49;41.4626;4129913;1008.28;3845;38.45;-28;-0.0136719;2081;1.01611;44;0.0214844;16;0.976563;-86;-5.24902;-17;-1.0376;0;-2048;0;-2048;0;0;1
[00:41:59.746] ;f6 03 3f 00 2f 86 f5 19 91 c7 e2 00 31 00 06 0f d2 ff 1f 08 2e 00 0c 00 bf ff ee ff 00 00 00 00 c1;3;193;1;0;0;435521071;43.5521;14862225;1.48622;49;41.7321;4129782;1008.25;3846;38.46;-46;-0.0224609;2079;1.01514;46;0.0224609;12;0.732422;-65;-3.96729;-18;-1.09863;0;-2048;0;-2048;0;0;1
[00:42:00.246] ;ee 03 3f 00 2f 86 f5 19 91 c7 e2 00 31 00 05 0f d2 ff 1f 08 2e 00 0e 00 b5 ff ee ff 00 00 00 00 c1;3;193;1;0;0;435521071;43.5521;14862225;1.48622;49;41.7479;4129774;1008.25;3845;38.45;-46;-0.0224609;2079;1.01514;46;0.0224609;14;0.854492;-75;-4.57764;-18;-1.09863;0;-2048;0;-2048;0;0;1
[00:42:00.752] ;2c 04 3f 00 2f 86 f5 19 91 c7 e2 00 31 00 04 0f d9 ff 21 08 3d 00 0f 00 b0 ff ed ff 00 00 00 00 c1;3;193;1;0;0;435521071;43.5521;14862225;1.48622;49;41.6211;4129836;1008.26;3844;38.44;-39;-0.019043;2081;1.01611;61;0.0297852;15;0.915527;-80;-4.88281;-19;-1.15967;0;-2048;0;-2048;0;0;1
[00:42:01.248] ;c4 03 3f 00 2f 86 f5 19 91 c7 e2 00 31 00 04 0f c8 ff 1e 08 32 00 0f 00 ad ff ec ff 00 00 00 00 c1;3;193;1;0;0;435521071;43.5521;14862225;1.48622;49;41.8325;4129732;1008.24;3844;38.44;-56;-0.0273438;2078;1.01465;50;0.0244141;15;0.915527;-83;-5.06592;-20;-1.2207;0;-2048;0;-2048;0;0;1
[00:42:01.748] ;15 04 3f 00 2f 86 f5 19 91 c7 e2 00 31 00 04 0f dc ff 1e 08 32 00 0d 00 c0 ff ef ff 00 00 00 00 c1;3;193;1;0;0;435521071;43.5521;14862225;1.48622;49;41.6687;4129813;1008.26;3844;38.44;-36;-0.0175781;2078;1.01465;50;0.0244141;13;0.793457;-64;-3.90625;-17;-1.0376;0;-2048;0;-2048;0;0;1
[00:42:02.255] ;d9 03 3f 00 2f 86 f5 19 91 c7 e2 00 31 00 03 0f de ff 1d 08 41 00 0f 00 ae ff ed ff 00 00 00 00 c1;3;193;1;0;0;435521071;43.5521;14862225;1.48622;49;41.7902;4129753;1008.24;3843;38.43;-34;-0.0166016;2077;1.01416;65;0.0317383;15;0.915527;-82;-5.00488;-19;-1.15967;0;-2048;0;-2048;0;0;1
[00:42:02.752] ;94 04 3f 00 2f 86 f5 19 91 c7 e2 00 31 00 03 0f d6 ff 1e 08 30 00 0f 00 c0 ff ef ff 00 00 00 00 c1;3;193;1;0;0;435521071;43.5521;14862225;1.48622;49;41.4097;4129940;1008.29;3843;38.43;-42;-0.0205078;2078;1.01465;48;0.0234375;15;0.915527;-64;-3.90625;-17;-1.0376;0;-2048;0;-2048;0;0;1
[00:42:03.251] ;5f 04 3f 00 2f 86 f5 19 91 c7 e2 00 31 00 02 0f cc ff 1e 08 3a 00 0b 00 d6 ff ef ff 00 00 00 00 c1;3;193;1;0;0;435521071;43.5521;14862225;1.48622;49;41.5181;4129887;1008.27;3842;38.42;-52;-0.0253906;2078;1.01465;58;0.0283203;11;0.671387;-42;-2.56348;-17;-1.0376;0;-2048;0;-2048;0;0;1
[00:42:03.752] ;1d 04 3f 00 2f 86 f5 19 91 c7 e2 00 31 00 03 0f e0 ff 1d 08 1e 00 0d 00 b7 ff ef ff 00 00 00 00 c1;3;193;1;0;0;435521071;43.5521;14862225;1.48622;49;41.6528;4129821;1008.26;3843;38.43;-32;-0.015625;2077;1.01416;30;0.0146484;13;0.793457;-73;-4.45557;-17;-1.0376;0;-2048;0;-2048;0;0;1
[00:42:04.256] ;bf 03 3f 00 2f 86 f5 19 91 c7 e2 00 31 00 03 0f ed ff 1e 08 22 00 13 00 b5 ff ef ff 00 00 00 00 c1;3;193;1;0;0;435521071;43.5521;14862225;1.48622;49;41.843;4129727;1008.23;3843;38.43;-19;-0.00927734;2078;1.01465;34;0.0166016;19;1.15967;-75;-4.57764;-17;-1.0376;0;-2048;0;-2048;0;0;1
[00:42:04.753] ;e2 03 3f 00 2f 86 f5 19 91 c7 e2 00 31 00 02 0f ea ff 1d 08 26 00 10 00 d6 ff f1 ff 00 00 00 00 c1;3;193;1;0;0;435521071;43.5521;14862225;1.48622;49;41.7717;4129762;1008.24;3842;38.42;-22;-0.0107422;2077;1.01416;38;0.0185547;16;0.976563;-42;-2.56348;-15;-0.915527;0;-2048;0;-2048;0;0;1
[00:42:05.254] ;62 04 3f 00 2f 86 f5 19 91 c7 e2 00 31 00 03 0f f4 ff 1b 08 40 00 0e 00 b6 ff f3 ff 00 00 00 00 c1;3;193;1;0;0;435521071;43.5521;14862225;1.48622;49;41.5101;4129890;1008.27;3843;38.43;-12;-0.00585938;2075;1.01318;64;0.03125;14;0.854492;-74;-4.5166;-13;-0.793457;0;-2048;0;-2048;0;0;1
[00:42:05.759] ;1a 04 3f 00 2f 86 f5 19 91 c7 e2 00 31 00 04 0f e2 ff 1f 08 38 00 12 00 93 ff ef ff 00 00 00 00 c1;3;193;1;0;0;435521071;43.5521;14862225;1.48622;49;41.6581;4129818;1008.26;3844;38.44;-30;-0.0146484;2079;1.01514;56;0.0273438;18;1.09863;-109;-6.65283;-17;-1.0376;0;-2048;0;-2048;0;0;1
[00:42:06.255] ;5c 04 3f 00 2f 86 f5 19 91 c7 e2 00 31 00 04 0f dc ff 1f 08 21 00 0d 00 c3 ff ec ff 00 00 00 00 c1;3;193;1;0;0;435521071;43.5521;14862225;1.48622;49;41.5233;4129884;1008.27;3844;38.44;-36;-0.0175781;2079;1.01514;33;0.0161133;13;0.793457;-61;-3.72314;-20;-1.2207;0;-2048;0;-2048;0;0;1
[00:42:06.756] ;67 04 3f 00 2f 86 f5 19 91 c7 e2 00 31 00 04 0f e7 ff 1f 08 5b 00 12 00 b7 ff eb ff 00 00 00 00 c1;3;193;1;0;0;435521071;43.5521;14862225;1.48622;49;41.4996;4129895;1008.28;3844;38.44;-25;-0.012207;2079;1.01514;91;0.0444336;18;1.09863;-73;-4.45557;-21;-1.28174;0;-2048;0;-2048;0;0;1
[00:42:07.257] ;c2 04 3f 00 2f 86 f5 19 91 c7 e2 00 31 00 03 0f d6 ff 20 08 41 00 0c 00 cd ff f0 ff 00 00 00 00 c1;3;193;1;0;0;435521071;43.5521;14862225;1.48622;49;41.3146;4129986;1008.3;3843;38.43;-42;-0.0205078;2080;1.01563;65;0.0317383;12;0.732422;-51;-3.11279;-16;-0.976563;0;-2048;0;-2048;0;0;1
[00:42:07.760] ;df 03 3f 00 2f 86 f5 19 91 c7 e2 00 31 00 03 0f e3 ff 1e 08 4c 00 16 00 a6 ff eb ff 00 00 00 00 c1;3;193;1;0;0;435521071;43.5521;14862225;1.48622;49;41.777;4129759;1008.24;3843;38.43;-29;-0.0141602;2078;1.01465;76;0.0371094;22;1.34277;-90;-5.49316;-21;-1.28174;0;-2048;0;-2048;0;0;1
[00:42:08.259] ;d8 04 3f 00 2f 86 f5 19 91 c7 e2 00 31 00 03 0f e1 ff 1c 08 07 00 0b 00 a0 ff ee ff 00 00 00 00 c1;3;193;1;0;0;435521071;43.5521;14862225;1.48622;49;41.2697;4130008;1008.3;3843;38.43;-31;-0.0151367;2076;1.01367;7;0.00341797;11;0.671387;-96;-5.85938;-18;-1.09863;0;-2048;0;-2048;0;0;1
[00:42:08.760] ;33 04 3f 00 2f 86 f5 19 91 c7 e2 00 31 00 03 0f eb ff 1e 08 3f 00 15 00 b4 ff ef ff 00 00 00 00 c1;3;193;1;0;0;435521071;43.5521;14862225;1.48622;49;41.6079;4129843;1008.26;3843;38.43;-21;-0.0102539;2078;1.01465;63;0.0307617;21;1.28174;-76;-4.63867;-17;-1.0376;0;-2048;0;-2048;0;0;1
[00:42:09.263] ;f7 03 3f 00 2f 86 f5 19 91 c7 e2 00 31 00 03 0f c7 ff 1a 08 30 00 0a 00 8a ff ed ff 00 00 00 00 c1;3;193;1;0;0;435521071;43.5521;14862225;1.48622;49;41.7294;4129783;1008.25;3843;38.43;-57;-0.027832;2074;1.0127;48;0.0234375;10;0.610352;-118;-7.20215;-19;-1.15967;0;-2048;0;-2048;0;0;1
[00:42:09.761] ;c5 04 3f 00 2f 86 f5 19 91 c7 e2 00 31 00 03 0f da ff 20 08 23 00 0e 00 c9 ff ed ff 00 00 00 00 c1;3;193;1;0;0;435521071;43.5521;14862225;1.48622;49;41.3093;4129989;1008.3;3843;38.43;-38;-0.0185547;2080;1.01563;35;0.0170898;14;0.854492;-55;-3.35693;-19;-1.15967;0;-2048;0;-2048;0;0;1
[00:42:10.262] ;1a 04 3f 00 2f 86 f5 19 91 c7 e2 00 31 00 04 0f cd ff 1e 08 25 00 0d 00 ab ff ee ff 00 00 00 00 c1;3;193;1;0;0;435521071;43.5521;14862225;1.48622;49;41.6581;4129818;1008.26;3844;38.44;-51;-0.0249023;2078;1.01465;37;0.0180664;13;0.793457;-85;-5.18799;-18;-1.09863;0;-2048;0;-2048;0;0;1
[00:42:10.767] ;21 04 3f 00 2f 86 f5 19 91 c7 e2 00 31 00 03 0f de ff 1d 08 21 00 0f 00 a8 ff ed ff 00 00 00 00 c1;3;193;1;0;0;435521071;43.5521;14862225;1.48622;49;41.6422;4129825;1008.26;3843;38.43;-34;-0.0166016;2077;1.01416;33;0.0161133;15;0.915527;-88;-5.37109;-19;-1.15967;0;-2048;0;-2048;0;0;1
[00:42:11.264] ;2d 04 3f 00 2f 86 f5 19 91 c7 e2 00 31 00 04 0f ae ff 1a 08 3f 00 12 00 bb ff f0 ff 00 00 00 00 c1;3;193;1;0;0;435521071;43.5521;14862225;1.48622;49;41.6185;4129837;1008.26;3844;38.44;-82;-0.0400391;2074;1.0127;63;0.0307617;18;1.09863;-69;-4.21143;-16;-0.976563;0;-2048;0;-2048;0;0;1
[00:42:11.764] ;c4 03 3f 00 2f 86 f5 19 91 c7 e2 00 31 00 03 0f d2 ff 1c 08 37 00 12 00 be ff ef ff 00 00 00 00 c1;3;193;1;0;0;435521071;43.5521;14862225;1.48622;49;41.8325;4129732;1008.24;3843;38.43;-46;-0.0224609;2076;1.01367;55;0.0268555;18;1.09863;-66;-4.02832;-17;-1.0376;0;-2048;0;-2048;0;0;1
[00:42:12.265] ;a9 04 3f 00 2f 86 f5 19 91 c7 e2 00 31 00 03 0f dc ff 1d 08 3a 00 0e 00 bd ff f0 ff 00 00 00 00 c1;3;193;1;0;0;435521071;43.5521;14862225;1.48622;49;41.3648;4129961;1008.29;3843;38.43;-36;-0.0175781;2077;1.01416;58;0.0283203;14;0.854492;-67;-4.08936;-16;-0.976563;0;-2048;0;-2048;0;0;1
[00:42:12.766] ;e3 04 3f 00 2f 86 f5 19 91 c7 e2 00 31 00 03 0f d5 ff 1f 08 2f 00 09 00 ca ff ed ff 00 00 00 00 c1;3;193;1;0;0;435521071;43.5521;14862225;1.48622;49;41.2485;4130019;1008.31;3843;38.43;-43;-0.0209961;2079;1.01514;47;0.0229492;9;0.549316;-54;-3.2959;-19;-1.15967;0;-2048;0;-2048;0;0;1
[00:42:13.266] ;77 04 3f 00 2f 86 f5 19 91 c7 e2 00 31 00 03 0f aa ff 20 08 32 00 14 00 c1 ff ee ff 00 00 00 00 c1;3;193;1;0;0;435521071;43.5521;14862225;1.48622;49;41.4678;4129911;1008.28;3843;38.43;-86;-0.0419922;2080;1.01563;50;0.0244141;20;1.2207;-63;-3.84521;-18;-1.09863;0;-2048;0;-2048;0;0;1
[00:42:13.767] ;1a 04 3f 00 2f 86 f5 19 91 c7 e2 00 31 00 03 0f ba ff 1d 08 19 00 11 00 e8 ff f3 ff 00 00 00 00 c1;3;193;1;0;0;435521071;43.5521;14862225;1.48622;49;41.6581;4129818;1008.26;3843;38.43;-70;-0.0341797;2077;1.01416;25;0.012207;17;1.0376;-24;-1.46484;-13;-0.793457;0;-2048;0;-2048;0;0;1
[00:42:14.272] ;64 04 3f 00 2f 86 f5 19 91 c7 e2 00 31 00 02 0f a4 ff 1c 08 23 00 15 00 c0 ff e2 ff 00 00 00 00 c1;3;193;1;0;0;435521071;43.5521;14862225;1.48622;49;41.5075;4129892;1008.27;3842;38.42;-92;-0.0449219;2076;1.01367;35;0.0170898;21;1.28174;-64;-3.90625;-30;-1.83105;0;-2048;0;-2048;0;0;1
[00:42:14.768] ;b8 04 3f 00 2f 86 f5 19 91 c7 e2 00 31 00 03 0f dc ff 1f 08 53 00 04 00 b4 ff ed ff 00 00 00 00 c1;3;193;1;0;0;435521071;43.5521;14862225;1.48622;49;41.3357;4129976;1008.29;3843;38.43;-36;-0.0175781;2079;1.01514;83;0.0405273;4;0.244141;-76;-4.63867;-19;-1.15967;0;-2048;0;-2048;0;0;1
[00:42:15.269] ;f0 03 3f 00 2f 86 f5 19 91 c7 e2 00 31 00 02 0f c9 ff 1d 08 15 00 11 00 ba ff ed ff 00 00 00 00 c1;3;193;1;0;0;435521071;43.5521;14862225;1.48622;49;41.7426;4129776;1008.25;3842;38.42;-55;-0.0268555;2077;1.01416;21;0.0102539;17;1.0376;-70;-4.27246;-19;-1.15967;0;-2048;0;-2048;0;0;1
[00:42:15.775] ;a8 03 3f 00 2f 86 f5 19 91 c7 e2 00 31 00 02 0f d3 ff 1c 08 4b 00 11 00 bd ff eb ff 00 00 00 00 c1;3;193;1;0;0;435521071;43.5521;14862225;1.48622;49;41.8906;4129704;1008.23;3842;38.42;-45;-0.0219727;2076;1.01367;75;0.0366211;17;1.0376;-67;-4.08936;-21;-1.28174;0;-2048;0;-2048;0;0;1
[00:42:16.270] ;22 04 3f 00 2f 86 f5 19 91 c7 e2 00 31 00 02 0f da ff 20 08 2a 00 0d 00 c3 ff ee ff 00 00 00 00 c1;3;193;1;0;0;435521071;43.5521;14862225;1.48622;49;41.6422;4129826;1008.26;3842;38.42;-38;-0.0185547;2080;1.01563;42;0.0205078;13;0.793457;-61;-3.72314;-18;-1.09863;0;-2048;0;-2048;0;0;1
[00:42:16.771] ;35 04 3f 00 2f 86 f5 19 91 c7 e2 00 31 00 02 0f d9 ff 1e 08 23 00 13 00 a7 ff ee ff 00 00 00 00 c1;3;193;1;0;0;435521071;43.5521;14862225;1.48622;49;41.6026;4129845;1008.26;3842;38.42;-39;-0.019043;2078;1.01465;35;0.0170898;19;1.15967;-89;-5.43213;-18;-1.09863;0;-2048;0;-2048;0;0;1
[00:42:17.272] ;39 04 3f 00 2f 86 f5 19 91 c7 e2 00 31 00 02 0f c8 ff 1a 08 31 00 0e 00 c3 ff ef ff 00 00 00 00 c1;3;193;1;0;0;435521071;43.5521;14862225;1.48622;49;41.5947;4129849;1008.26;3842;38.42;-56;-0.0273438;2074;1.0127;49;0.0239258;14;0.854492;-61;-3.72314;-17;-1.0376;0;-2048;0;-2048;0;0;1
[00:42:17.794] ;70 04 3f 00 2f 86 f5 19 91 c7 e2 00 31 00 02 0f d2 ff 1e 08 2f 00 0d 00 ad ff ec ff 00 00 00 00 c1;3;193;1;0;0;435521071;43.5521;14862225;1.48622;49;41.4811;4129904;1008.28;3842;38.42;-46;-0.0224609;2078;1.01465;47;0.0229492;13;0.793457;-83;-5.06592;-20;-1.2207;0;-2048;0;-2048;0;0;1
[00:42:18.274] ;c9 03 3f 00 2f 86 f5 19 91 c7 e2 00 31 00 02 0f df ff 21 08 32 00 0e 00 ba ff f0 ff 00 00 00 00 c1;3;193;1;0;0;435521071;43.5521;14862225;1.48622;49;41.8219;4129737;1008.24;3842;38.42;-33;-0.0161133;2081;1.01611;50;0.0244141;14;0.854492;-70;-4.27246;-16;-0.976563;0;-2048;0;-2048;0;0;1
[00:42:18.774] ;a1 04 3f 00 2f 86 f5 19 91 c7 e2 00 31 00 02 0f d5 ff 1f 08 21 00 11 00 b3 ff ee ff 00 00 00 00 c1;3;193;1;0;0;435521071;43.5521;14862225;1.48622;49;41.3833;4129953;1008.29;3842;38.42;-43;-0.0209961;2079;1.01514;33;0.0161133;17;1.0376;-77;-4.69971;-18;-1.09863;0;-2048;0;-2048;0;0;1
[00:42:19.281] ;23 05 3f 00 2f 86 f5 19 91 c7 e2 00 31 00 02 0f cd ff 1f 08 2f 00 10 00 c2 ff f0 ff 00 00 00 00 c1;3;193;1;0;0;435521071;43.5521;14862225;1.48622;49;41.1164;4130083;1008.32;3842;38.42;-51;-0.0249023;2079;1.01514;47;0.0229492;16;0.976563;-62;-3.78418;-16;-0.976563;0;-2048;0;-2048;0;0;1
[00:42:19.776] ;1e 04 3f 00 2f 86 f5 19 91 c7 e2 00 31 00 01 0f eb ff 20 08 36 00 0c 00 b2 ff ed ff 00 00 00 00 c1;3;193;1;0;0;435521071;43.5521;14862225;1.48622;49;41.6502;4129822;1008.26;3841;38.41;-21;-0.0102539;2080;1.01563;54;0.0263672;12;0.732422;-78;-4.76074;-19;-1.15967;0;-2048;0;-2048;0;0;1
[00:42:20.276] ;23 04 3f 00 2f 86 f5 19 91 c7 e2 00 31 00 02 0f d7 ff 1f 08 26 00 0e 00 dd ff ef ff 00 00 00 00 c1;3;193;1;0;0;435521071;43.5521;14862225;1.48622;49;41.6396;4129827;1008.26;3842;38.42;-41;-0.0200195;2079;1.01514;38;0.0185547;14;0.854492;-35;-2.13623;-17;-1.0376;0;-2048;0;-2048;0;0;1
[00:42:20.784] ;33 04 3f 00 2f 86 f5 19 91 c7 e2 00 31 00 01 0f ed ff 1d 08 28 00 10 00 aa ff ef ff 00 00 00 00 c1;3;193;1;0;0;435521071;43.5521;14862225;1.48622;49;41.6079;4129843;1008.26;3841;38.41;-19;-0.00927734;2077;1.01416;40;0.0195313;16;0.976563;-86;-5.24902;-17;-1.0376;0;-2048;0;-2048;0;0;1
[00:42:21.280] ;5e 03 3f 00 2f 86 f5 19 91 c7 e2 00 31 00 02 0f e3 ff 1f 08 27 00 12 00 b6 ff ee ff 00 00 00 00 c1;3;193;1;0;0;435521071;43.5521;14862225;1.48622;49;42.0412;4129630;1008.21;3842;38.42;-29;-0.0141602;2079;1.01514;39;0.019043;18;1.09863;-74;-4.5166;-18;-1.09863;0;-2048;0;-2048;0;0;1
[00:42:21.779] ;6b 04 3f 00 2f 86 f5 19 91 c7 e2 00 31 00 03 0f 0c 00 1c 08 43 00 0f 00 c2 ff f0 ff 00 00 00 00 c1;3;193;1;0;0;435521071;43.5521;14862225;1.48622;49;41.4916;4129899;1008.28;3843;38.43;12;0.00585938;2076;1.01367;67;0.0327148;15;0.915527;-62;-3.78418;-16;-0.976563;0;-2048;0;-2048;0;0;1
[00:42:22.280] ;fb 03 3f 00 2f 86 f5 19 91 c7 e2 00 31 00 03 0f d5 ff 1d 08 20 00 0f 00 b2 ff ec ff 00 00 00 00 c1;3;193;1;0;0;435521071;43.5521;14862225;1.48622;49;41.7215;4129787;1008.25;3843;38.43;-43;-0.0209961;2077;1.01416;32;0.015625;15;0.915527;-78;-4.76074;-20;-1.2207;0;-2048;0;-2048;0;0;1
[00:42:22.784] ;df 04 3f 00 2f 86 f5 19 91 c7 e2 00 31 00 03 0f db ff 1a 08 43 00 10 00 cc ff f1 ff 00 00 00 00 c1;3;193;1;0;0;435521071;43.5521;14862225;1.48622;49;41.2565;4130015;1008.3;3843;38.43;-37;-0.0180664;2074;1.0127;67;0.0327148;16;0.976563;-52;-3.17383;-15;-0.915527;0;-2048;0;-2048;0;0;1
[00:42:23.281] ;0f 04 3f 00 2f 86 f5 19 91 c7 e2 00 31 00 02 0f d0 ff 1c 08 41 00 0d 00 b0 ff ed ff 00 00 00 00 c1;3;193;1;0;0;435521071;43.5521;14862225;1.48622;49;41.6792;4129807;1008.25;3842;38.42;-48;-0.0234375;2076;1.01367;65;0.0317383;13;0.793457;-80;-4.88281;-19;-1.15967;0;-2048;0;-2048;0;0;1
[00:42:23.782] ;d3 03 3f 00 2f 86 f5 19 91 c7 e2 00 31 00 02 0f ca ff 1e 08 24 00 11 00 d2 ff f0 ff 00 00 00 00 c1;3;193;1;0;0;435521071;43.5521;14862225;1.48622;49;41.8034;4129747;1008.24;3842;38.42;-54;-0.0263672;2078;1.01465;36;0.0175781;17;1.0376;-46;-2.80762;-16;-0.976563;0;-2048;0;-2048;0;0;1
[00:42:24.286] ;ff 03 3f 00 2f 86 f5 19 91 c7 e2 00 31 00 03 0f df ff 1e 08 48 00 0d 00 a3 ff ec ff 00 00 00 00 c1;3;193;1;0;0;435521071;43.5521;14862225;1.48622;49;41.7136;4129791;1008.25;3843;38.43;-33;-0.0161133;2078;1.01465;72;0.0351563;13;0.793457;-93;-5.67627;-20;-1.2207;0;-2048;0;-2048;0;0;1
